{"pools":["0x0000d36ab86d213c14d93cd5ae78615a20596505","0x0001fcbba8eb491c3ccfeddc5a5caba1a98c4c28","0x0002e63328169d7feea121f1e32e4f620abf0352","0x0003c9d75e102b8a9fe77280ca410e9135beb150","0x0004cd8474e882278e32e584699090be496f410e"],"totalValueLocked":[0.00012878285266792975,0.00014423702622423916,1,0,0.5890921535868775],"volumeUSD":[0.0050160686165036114,2.884366283398181e-7,0,0.000004150729014863737,1],"feesUSD":[0.016720228721678707,9.614554277993937e-7,0,0.000013835763382879124,1]}